{"cameraMode":{"drawMode":0,"name":"Shaded","section":"Shading Mode"},"sceneLighting":false,"audioPlay":false,"sceneViewState":{"m_AlwaysRefresh":false,"showFog":true,"showSkybox":false,"showFlares":true,"showImageEffects":true,"showParticleSystems":true,"showVisualEffectGraphs":true,"m_FxEnabled":true},"in2DMode":false,"pivot":{"x":-2.355898380279541,"y":-0.09634116291999817,"z":0.1397942751646042},"rotation":{"x":0.16616997122764588,"y":-0.4610957205295563,"z":0.08832605183124542,"w":0.8671927452087402},"size":3.2972376346588136,"orthographic":true}